9173;41422;47752;50243;159808;193367;202283;217404;218361;270223;325372;331304;353990;372366;421644;438846;537626;550450;553281;592906;614801;650110;655359;673750;685924;727836;731932;734867;747565;750077;819427;976876;986917;1023011;1023159;1088100;1109400;1155614;1185493;1194505;1336564;1356176;1360401;1416048;1479901;1486300;1626748;1660585;1677973;1702135;1730156;1761996;1800035;1806355;1806685;1815069;1864505;1883813;1896755;1949505;1990585;1998756;2001913;2003970;2030014;2037541;2104705;2127211;2145517;2212728;2227825;2237094;2256301;2270922;2280441;2314246;2323114;2359833;2477286;2478857;2482322;2527187;2545264;2557338;2571134;2645273;2652166;2702739;2728672;2734036;2812747;2840774;2850567;2892235;2930615;3064290;3081355;3086652;3119055;3159022;3237342;3284524;3308129;3309956;3311734;3328690;3341616;3441152;3451998;3475994;3492927;3559618;3567412;3608309;3652185;3739225;3781098;3824555;3828204;3841630;3856238;3895324;3946139;4027595;4035478;4078402;4125794;4134735;4174856;4211620;4215746;4287734;4303674;4334992;4345686;4346768;4386543;4391941;4409509;4414789;4427842;4509909;4516372;4532818;4717396;4790119;4793279;4940883;4949131;5000796;5003331;5034609;5105486;5141268;5158270;5161333;5184342;5195433;5202607;5203364;5289908;5378274;5477375;5500960;5552087;5685096;5686158;5691501;5694197;5763028;5804535;5807754;5890101;5916933;5941114;6064002;6143105;6158259;6208754;6319332;6326629;6333582;6337430;6344959;6454228;6462391;6466774;6487688;6495321;6527277;6537855;6546887;6687263;6724795;6781582;6794861;6882488;6893931;6944608;6964857;7047042;7101366;7112039;7120418;7173699;7280641;7341361;7394340;7396899;7406051;7424314;7476439;7521488;7555145;7607888;7622694;7651332;7679222;7718128;7871931;7891059;7927429;8069055;8141805;8158908;8212850;8277990;8280779;8303349;8354020;8373671;8414745;8597593;8710450;8776255;8822822;8899280;8899902;8962151;9002149;9108503;9146947;9200684;9283024;9351234;9414307;9450797;9507277;9523099;9555482;9570859;9586741;9692245;9775475;9796471;9846663;10009516;10071807;10180793;10362428;10431791;10459776;10484234;10664208;10684007;10736129;10781674;10787423;10830084;10943398;11023763;11089192;11091121;11094093;11132894;11172581;11236984;11270416;11315671;11461708;11588473;11805321;11811828;11860946;11903238;11928224;12030852;12053667;12062477;12126842;12129595;12135336;12186909;12264531;12303720;12327347;12372935;12413143;12545666;12567328;12685188;12686734;12689349;12809808;12843758;13079604;13183413;13185884;13326164;13343983;13388690;13413750;13418664;13585849;13706871;13794061;13959425;14038383;14042274;14142864;14173350;14270912;14281958;14291452;14291764;14317486;14385607;14397076;14432422;14497490;14505082;14620846;14639455;14643466;14663494;14669116;14748830;14750140;14875453;15153555;15243526;15267173;15395880;15420449;15427456;15456517;15526917;15609279;15648695;15703153;15721430;15776995;15785839;15802335;15808575;15845913;15903223;15979127;15981669;16049267;16095889;16102662;16290818;16301326;16332846;16367836;16460068;16504454;16651925;16886774;16905095;17002551;17066699;17074133;17133236;17159447;17160655;17385172;17466138;17647559;17661014;17711967;17728783;17830876;17847458;18055502;18140248;18165605;18186004;18190562;18240640;18561802;18588185;18607956;18665957;18727853;18882298;18934033;19100925;19160390;19203514;19230418;19248321;19493652;19509362;19545474;19662385;19872327;19953359;20031139;20050314;20053446;20230964;20236898;20273340;20559370;20778665;20830911;20955757;21012302;21018085;21105658;21116407;21161152;21254582;21314036;21324467;21348150;21403763;21466426;21558267;21758960;22065794;22194594;22211365;22230692;22263680;22271714;22375514;22569746;22740708;22863912;23027449;23100987;23402219;23402851;23411119;23464134;23507479;23563886;23592121;23675979;23755292;23798485;23804251;23885298;24044650;24245078;24269374;24295960;24507821;24699612;24806272;24820207;24842631;25017941;25075491;25200066;25316113;25322738;25491615;25636078;25656541;25790303;25849407;25935576;26018475;26110284;26194755;26397264;26489746;26678568;26854050;26877096;27046624;27197297;27292971;27358152;27390062;27456729;27821070;27878148;27960837;27962203;27978071;28214910;28393548;28530467;28701467;28777150;29099012;29129167;29136231;29193933;29206040;29338296;29366584;29424623;29539108;29750628;29917386;29929307;30594364;30596746;30621544;30659949;30685320;31216629;31362866;31409657;31503788;31654843;31692187;31920279;31957568;31973708;32075348;32154282;32232386;32235422;32367925;32384863;32385060;32488017;32548431;32580148;32732864;32841214;32880801;32895740;32982474;32991189;33167274;33329539;33488779;33803868;34001669;34111409;34328298;34593702;34680397;34896337;34936380;35152681;35212400;35310071;35394708;35481731;35632439;36185961;36251692;36372294;36651561;36837902;36863906;37057290;37291517;37392296;37684754;37744245;37746737;37928487;37928695;38124656;38179323;38300403;38645667;38682199;38868312;38912575;38925000;39001755;39289603;39337508;39423399;39538514;39609184;39645331;39791609;39816764;40010054;40010250;40380348;40567112;40687015;40725330;40893901;41207959;41272058;41285419;41297620;41346117;41411018;41439684;41473531;41609829;41652197;42074699;42142043;42614150;42719284;42765734;42792828;43048174;43320213;44266291;44378094;45031277;45203880;45248032;45365682;45500346;45856112;46003091;46126324;46272086;46578702;46696738;46957352;47091967;47097395;47394681;47404726;47415662;47442269;47769086;47865649;47931500;48385585;48874360;49222027;49392946;49409321;49666946;49787051;49904221;50019771;50186207;50449787;50451500;50460383;50524685;50543778;50973008;51033085;51080391;51320620;51357437;51372650;51444090;51513448;51758531;52156085;52269113;52345934;52370782;52458891;52502308;52748889;52979269;53505324;53519652;53540160;53638698;54532198;54698777;54769426;55090914;55126222;55190463;55195122;55311478;55388654;55678260;55819090;56484173;56854153;56877561;57254014;57309366;57522240;57741155;58170211;58390987;58531695;58563961;58789527;58811519;59332793;59687437;59722292;59811353;60800299;60862529;60933492;60954829;61425475;61443148;61719073;61726565;61846018;62046882;62215004;62320970;62345588;62560710;62571281;62623439;62629190;62728955;62808162;62858061;62878805;62884173;63063714;63520991;63544560;63581347;63943718;64031133;64224791;64240091;64253722;64348767;64358591;64660780;64834792;64836457;65276235;66044222;66224605;66242129;66497515;66535753;67057716;67198042;67286208;67423320;67547723;68247316;68283166;68345017;68465887;68677058;68880542;69106937;69205968;69459878;69756814;69780831;69838469;70055256;70068514;70164150;70462558;70671482;70713501;71023114;71091198;71506002;71606928;71850774;71907818;72045163;72350745;72402953;72787692;72881131;73296522;73376259;73526303;74178835;74259568;74282856;74292527;75565078;75618598;75770445;75780084;76766120;76778665;77330989;77846636;77846950;77951549;78208060;78466193;78765718;79214819;79352770;79437411;79667446;79837868;79935589;79955055;80312004;80618403;80801084;80886577;81134285;81436793;81472749;81778885;81869513;82057148;82077541;82115838;82291792;82512039;82603819;83031265;83282603;83341230;83799198;84033262;84813687;84899009;85010368;85255380;85515519;85697217;85721440;86103429;86496125;86544702;86891900;86912214;87235031;87272208;87292515;87440044;87479010;87762313;87904976;89235370;89334538;89343771;89583885;90357585;90422989;90563244;91098430;91101499;91750383;92117884;92235639;92324682;92372183;92656698;92705482;92821108;92886724;93078188;93682938;93864072;93884703;94428209;95006710;96430293;96434523;96439313;96486214;96763070;97086722;97448824;97501534;97530086;97582362;97656671;97767050;97902263;98508700;98665225;98964658;98992082;99102622;99625497;99868219;100073276;100216287;100435105;100907128;101129545;101858758;102225664;102692762;102781785;102826951;102849572;103184376;103185064;103317047;103447821;103521793;103737969;103897503;103926791;103968459;104175332;104284210;104586158;105410167;106099663;106864853;107007014;107096137;107389158;107459711;107862364;107950700;108235563;108555446;108619074;108914590;109247852;109327209;109349154;109456039;110131069;110336134;110583167;111081017;111214896;111362977;111594386;111622492;113112096;113243643;113520325;114611579;114794657;114794937;115041076;115802676;115913426;116089358;116230049;116769092;116933547;117040464;118134206;118257828;118347629;118507068;118810232;119274512;119945321;120179275;120976385;121132407;121466114;121567414;121838132;122040629;122348836;122391932;122723752;122815334;122891501;123355453;123639546;123753862;123891705;123963650;123990122;124350271;124426796;124436182;124886390;125081013;125209258;125238876;125897098;125961843;126318634;126351785;127194291;127717641;128120080;128502910;129311712;129463328;129608206;129633117;129832209;130152252;130381539;131432892;131528232;131576111
159808;814914;1006200;1038285;1128644;1164068;1361772;2367818;2569874;2642936;2786798;2939097;3116821;3467905;3499245;4554279;4827542;5275661;5508250;5568543;6310804;6850080;7120418;8217787;8608297;9458913;10924568;12726999;13732668;13897945;15207672;17022402;22514027;22575457;25199442;25276066;28203270;28858999;32001625;34299713;39341452;40940197;40960568;50596301;51562455;54658810;56236205;56261952;60807085;65359137;81572834;92217514;93953584;112847453;121264349;121839262;132408083;133354972;140441050;145101718;148522042;148865534;153000598;160598454;166408000;171801519;177470412;180700421;189985300;203760646;214535010;214840555;224693800;225420388;227468395;230243741;235185667;237281371;248222923;249353276;250689541;253494544;257934318;260795052;274805710;290635544;304968137;360271743;407035618;416470845;429129874
159808;814914;1006200;1038285;1128644;1164068;1361772;2367818;2569874;2642936;2786798;2939097;3116821;3467905;3499245;4554279;4827542;5275661;5508250;5568543;6310804;6850080;7120418;8217787;8608297;9458913;10924568;12726999;13732668;13897945;15207672;17022402;22514027;22575457;25199442;25276066;28203270;28858999;32001625;34299713;39341452;40940197;40960568;50596301;51562455;54658810;56236205;56261952;60807085;65359137;81572834;92217514;93953584;112847453;121264349;121839262;132408083;133354972;140441050;145101718;148522042;148865534;153000598;160598454;166408000;171801519;177470412;180700421;189985300;203760646;214535010;214840555;224693800;225420388;227468395;230243741;235185667;237281371;248222923;249353276;250689541;253494544;257934318;260795052;274805710;290635544;304968137;360271743;407035618;416470845;429129874
159808;814914;1006200;1038285;1128644;1164068;1361772;2367818;2569874;2642936;2786798;2939097;3116821;3467905;3499245;4554279;4827542;5275661;5508250;5568543;6310804;6850080;7120418;8217787;8608297;9458913;10924568;12726999;13732668;13897945;15207672;17022402;22514027;22575457;25199442;25276066;28203270;28858999;32001625;34299713;39341452;40940197;40960568;50596301;51562455;54658810;56236205;56261952;60807085;65359137;81572834;92217514;93953584;112847453;121264349;121839262;132408083;133354972;140441050;145101718;148522042;148865534;153000598;160598454;166408000;171801519;177470412;180700421;189985300;203760646;214535010;214840555;224693800;225420388;227468395;230243741;235185667;237281371;248222923;249353276;250689541;253494544;257934318;260795052;274805710;290635544;304968137;360271743;407035618;416470845;429129874
159808;814914;1006200;1038285;1128644;1164068;1361772;2367818;2569874;2642936;2786798;2939097;3116821;3467905;3499245;4554279;4827542;5275661;5508250;5568543;6310804;6850080;7120418;8217787;8608297;9458913;10924568;12726999;13732668;13897945;15207672;17022402;22514027;22575457;25199442;25276066;28203270;28858999;32001625;34299713;39341452;40940197;40960568;50596301;51562455;54658810;56236205;56261952;60807085;65359137;81572834;92217514;93953584;112847453;121264349;121839262;132408083;133354972;140441050;145101718;148522042;148865534;153000598;160598454;166408000;171801519;177470412;180700421;189985300;203760646;214535010;214840555;224693800;225420388;227468395;230243741;235185667;237281371;248222923;249353276;250689541;253494544;257934318;260795052;274805710;290635544;304968137;360271743;407035618;416470845;429129874
159808;814914;1006200;1038285;1128644;1164068;1361772;2367818;2569874;2642936;2786798;2939097;3116821;3467905;3499245;4554279;4827542;5275661;5508250;5568543;6310804;6850080;7120418;8217787;8608297;9458913;10924568;12726999;13732668;13897945;15207672;17022402;22514027;22575457;25199442;25276066;28203270;28858999;32001625;34299713;39341452;40940197;40960568;50596301;51562455;54658810;56236205;56261952;60807085;65359137;81572834;92217514;93953584;112847453;121264349;121839262;132408083;133354972;140441050;145101718;148522042;148865534;153000598;160598454;166408000;171801519;177470412;180700421;189985300;203760646;214535010;214840555;224693800;225420388;227468395;230243741;235185667;237281371;248222923;249353276;250689541;253494544;257934318;260795052;274805710;290635544;304968137;360271743;407035618;416470845;429129874
159808;814914;1006200;1038285;1128644;1164068;1361772;2367818;2569874;2642936;2786798;2939097;3116821;3467905;3499245;4554279;4827542;5275661;5508250;5568543;6310804;6850080;7120418;8217787;8608297;9458913;10924568;12726999;13732668;13897945;15207672;17022402;22514027;22575457;25199442;25276066;28203270;28858999;32001625;34299713;39341452;40940197;40960568;50596301;51562455;54658810;56236205;56261952;60807085;65359137;81572834;92217514;93953584;112847453;121264349;121839262;132408083;133354972;140441050;145101718;148522042;148865534;153000598;160598454;166408000;171801519;177470412;180700421;189985300;203760646;214535010;214840555;224693800;225420388;227468395;230243741;235185667;237281371;248222923;249353276;250689541;253494544;257934318;260795052;274805710;290635544;304968137;360271743;407035618;416470845;429129874
159808;814914;1006200;1038285;1128644;1164068;1361772;2367818;2569874;2642936;2786798;2939097;3116821;3467905;3499245;4554279;4827542;5275661;5508250;5568543;6310804;6850080;7120418;8217787;8608297;9458913;10924568;12726999;13732668;13897945;15207672;17022402;22514027;22575457;25199442;25276066;28203270;28858999;32001625;34299713;39341452;40940197;40960568;50596301;51562455;54658810;56236205;56261952;60807085;65359137;81572834;92217514;93953584;112847453;121264349;121839262;132408083;133354972;140441050;145101718;148522042;148865534;153000598;160598454;166408000;171801519;177470412;180700421;189985300;203760646;214535010;214840555;224693800;225420388;227468395;230243741;235185667;237281371;248222923;249353276;250689541;253494544;257934318;260795052;274805710;290635544;304968137;360271743;407035618;416470845;429129874
159808;814914;1006200;1038285;1128644;1164068;1361772;2367818;2569874;2642936;2786798;2939097;3116821;3467905;3499245;4554279;4827542;5275661;5508250;5568543;6310804;6850080;7120418;8217787;8608297;9458913;10924568;12726999;13732668;13897945;15207672;17022402;22514027;22575457;25199442;25276066;28203270;28858999;32001625;34299713;39341452;40940197;40960568;50596301;51562455;54658810;56236205;56261952;60807085;65359137;81572834;92217514;93953584;112847453;121264349;121839262;132408083;133354972;140441050;145101718;148522042;148865534;153000598;160598454;166408000;171801519;177470412;180700421;189985300;203760646;214535010;214840555;224693800;225420388;227468395;230243741;235185667;237281371;248222923;249353276;250689541;253494544;257934318;260795052;274805710;290635544;304968137;360271743;407035618;416470845;429129874
159808;814914;1006200;1038285;1128644;1164068;1361772;2367818;2569874;2642936;2786798;2939097;3116821;3467905;3499245;4554279;4827542;5275661;5508250;5568543;6310804;6850080;7120418;8217787;8608297;9458913;10924568;12726999;13732668;13897945;15207672;17022402;22514027;22575457;25199442;25276066;28203270;28858999;32001625;34299713;39341452;40940197;40960568;50596301;51562455;54658810;56236205;56261952;60807085;65359137;81572834;92217514;93953584;112847453;121264349;121839262;132408083;133354972;140441050;145101718;148522042;148865534;153000598;160598454;166408000;171801519;177470412;180700421;189985300;203760646;214535010;214840555;224693800;225420388;227468395;230243741;235185667;237281371;248222923;249353276;250689541;253494544;257934318;260795052;274805710;290635544;304968137;360271743;407035618;416470845;429129874
